{
	"credit": "N501YHappy",
	"textures": {
		"rod": "item/rod_pro",
		"particle": "item/rod_pro"
	},
	"elements": [
		{
			"from": [4, 0, 4],
			"to": [12, 2, 12],
			"rotation": {"angle": 0, "axis": "y", "origin": [-2, 0, -2]},
			"faces": {
				"north": {"uv": [2, 6, 6, 7], "texture": "#rod"},
				"east": {"uv": [2, 6, 6, 7], "texture": "#rod"},
				"south": {"uv": [2, 6, 6, 7], "texture": "#rod"},
				"west": {"uv": [2, 6, 6, 7], "texture": "#rod"},
				"up": {"uv": [2, 2, 6, 6], "texture": "#rod"},
				"down": {"uv": [6, 6, 2, 2], "texture": "#rod", "cullface": "down"}
			}
		},
		{
			"from": [6, 1, 6],
			"to": [10, 31, 10],
			"rotation": {"angle": 0, "axis": "y", "origin": [-1, 0, -1]},
			"faces": {
				"north": {"uv": [0, 0, 2, 15], "texture": "#rod"},
				"east": {"uv": [0, 0, 2, 15], "texture": "#rod"},
				"south": {"uv": [0, 0, 2, 15], "texture": "#rod"},
				"west": {"uv": [0, 0, 2, 15], "texture": "#rod"},
				"up": {"uv": [2, 0, 4, 2], "texture": "#rod", "cullface": "up"}
			}
		}
	],
	"display": {
		"gui": {
			"rotation": [30, 45, 0],
			"translation": [0, 0, 0],
			"scale": [0.6, 0.6, 0.6]
		},
		"ground": {
			"rotation": [0, 0, 0],
			"translation": [0, 2, 0],
			"scale": [0.5, 0.5, 0.5]
		},
		"thirdperson_righthand": {
			"rotation": [0, 90, 0],
			"translation": [0, 4, 2],
			"scale": [0.6, 0.6, 0.6]
		},
		"firstperson_righthand": {
			"rotation": [0, 45, 0],
			"translation": [0, 2, 0],
			"scale": [0.7, 0.7, 0.7]
		},
		"head": {
			"rotation": [-60, 0, 0],
			"translation": [0, 5, -9],
			"scale": [1, 1, 1]
		}
	}
}