{
	"credit": "N501YHappy",
	"textures": {
		"rod": "item/slime_rod",
		"slime": "item/slime_rod_slime",
		"particle": "item/slime_rod"
	},
	"elements": [
		{
			"from": [6, 0, 6],
			"to": [10, 1, 10],
			"faces": {
				"north": {"uv": [2, 6, 6, 7], "texture": "#rod"},
				"east": {"uv": [2, 6, 6, 7], "texture": "#rod"},
				"south": {"uv": [2, 6, 6, 7], "texture": "#rod"},
				"west": {"uv": [2, 6, 6, 7], "texture": "#rod"},
				"up": {"uv": [2, 2, 6, 6], "texture": "#rod"},
				"down": {"uv": [6, 6, 2, 2], "texture": "#rod", "cullface": "down"}
			}
		},
		{
			"from": [7, 1, 7],
			"to": [9, 16, 9],
			"faces": {
				"north": {"uv": [0, 0, 2, 15], "texture": "#rod"},
				"east": {"uv": [0, 0, 2, 15], "texture": "#rod"},
				"south": {"uv": [0, 0, 2, 15], "texture": "#rod"},
				"west": {"uv": [0, 0, 2, 15], "texture": "#rod"},
				"up": {"uv": [2, 0, 4, 2], "texture": "#rod", "cullface": "up"}
			}
		},
		{
			"from": [7, 16, 7],
			"to": [8, 17, 8],
			"rotation": {"angle": 0, "axis": "y", "origin": [7, 16, 7]},
			"faces": {
				"north": {"uv": [0.25, 0.25, 0.75, 0.75], "texture": "#slime"},
				"east": {"uv": [1.25, 0.25, 1.75, 0.75], "texture": "#slime"},
				"south": {"uv": [2.25, 0.25, 2.75, 0.75], "texture": "#slime"},
				"west": {"uv": [3.25, 0.25, 3.75, 0.75], "texture": "#slime"},
				"up": {"uv": [4.25, 0.25, 4.75, 0.75], "texture": "#slime"},
				"down": {"uv": [5.25, 0.25, 5.75, 0.75], "texture": "#slime"}
			}
		},
		{
			"from": [9, 14, 7],
			"to": [10, 15, 8],
			"rotation": {"angle": 0, "axis": "y", "origin": [9, 14, 7]},
			"faces": {
				"north": {"uv": [0.25, 0.25, 0.75, 0.75], "texture": "#slime"},
				"east": {"uv": [1.25, 0.25, 1.75, 0.75], "texture": "#slime"},
				"south": {"uv": [2.25, 0.25, 2.75, 0.75], "texture": "#slime"},
				"west": {"uv": [3.25, 0.25, 3.75, 0.75], "texture": "#slime"},
				"up": {"uv": [4.25, 0.25, 4.75, 0.75], "texture": "#slime"},
				"down": {"uv": [5.25, 0.25, 5.75, 0.75], "texture": "#slime"}
			}
		},
		{
			"from": [7, 1, 6],
			"to": [8, 2, 7],
			"rotation": {"angle": 0, "axis": "y", "origin": [7, 1, 6]},
			"faces": {
				"north": {"uv": [0.25, 0.25, 0.75, 0.75], "texture": "#slime"},
				"east": {"uv": [1.25, 0.25, 1.75, 0.75], "texture": "#slime"},
				"south": {"uv": [2.25, 0.25, 2.75, 0.75], "texture": "#slime"},
				"west": {"uv": [3.25, 0.25, 3.75, 0.75], "texture": "#slime"},
				"up": {"uv": [4.25, 0.25, 4.75, 0.75], "texture": "#slime"},
				"down": {"uv": [5.25, 0.25, 5.75, 0.75], "texture": "#slime"}
			}
		},
		{
			"from": [6, 14, 8],
			"to": [7, 15, 9],
			"rotation": {"angle": 0, "axis": "y", "origin": [6, 14, 8]},
			"faces": {
				"north": {"uv": [0.25, 0.25, 0.75, 0.75], "texture": "#slime"},
				"east": {"uv": [1.25, 0.25, 1.75, 0.75], "texture": "#slime"},
				"south": {"uv": [2.25, 0.25, 2.75, 0.75], "texture": "#slime"},
				"west": {"uv": [3.25, 0.25, 3.75, 0.75], "texture": "#slime"},
				"up": {"uv": [4.25, 0.25, 4.75, 0.75], "texture": "#slime"},
				"down": {"uv": [5.25, 0.25, 5.75, 0.75], "texture": "#slime"}
			}
		},
		{
			"from": [7, 13, 9],
			"to": [8, 14, 10],
			"rotation": {"angle": 0, "axis": "y", "origin": [7, 13, 9]},
			"faces": {
				"north": {"uv": [0.25, 0.25, 0.75, 0.75], "texture": "#slime"},
				"east": {"uv": [1.25, 0.25, 1.75, 0.75], "texture": "#slime"},
				"south": {"uv": [2.25, 0.25, 2.75, 0.75], "texture": "#slime"},
				"west": {"uv": [3.25, 0.25, 3.75, 0.75], "texture": "#slime"},
				"up": {"uv": [4.25, 0.25, 4.75, 0.75], "texture": "#slime"},
				"down": {"uv": [5.25, 0.25, 5.75, 0.75], "texture": "#slime"}
			}
		},
		{
			"from": [7, 14, 6],
			"to": [8, 15, 7],
			"rotation": {"angle": 0, "axis": "y", "origin": [7, 14, 6]},
			"faces": {
				"north": {"uv": [0.25, 0.25, 0.75, 0.75], "texture": "#slime"},
				"east": {"uv": [1.25, 0.25, 1.75, 0.75], "texture": "#slime"},
				"south": {"uv": [2.25, 0.25, 2.75, 0.75], "texture": "#slime"},
				"west": {"uv": [3.25, 0.25, 3.75, 0.75], "texture": "#slime"},
				"up": {"uv": [4.25, 0.25, 4.75, 0.75], "texture": "#slime"},
				"down": {"uv": [5.25, 0.25, 5.75, 0.75], "texture": "#slime"}
			}
		}
	],
	"display": {
		"gui": {
			"rotation": [30, 45, 0],
			"translation": [0, 0, 0],
			"scale": [0.6, 0.6, 0.6]
		},
		"ground": {
			"rotation": [0, 0, 0],
			"translation": [0, 2, 0],
			"scale": [0.5, 0.5, 0.5]
		},
		"thirdperson_righthand": {
			"rotation": [0, 90, 0],
			"translation": [0, 4, 2],
			"scale": [0.6, 0.6, 0.6]
		},
		"firstperson_righthand": {
			"rotation": [0, 45, 0],
			"translation": [0, 2, 0],
			"scale": [0.7, 0.7, 0.7]
		},
		"head": {
			"rotation": [-60, 0, 0],
			"translation": [0, 5, -9],
			"scale": [1, 1, 1]
		}
	}
}